studio,id,parent_studio_id
Fox,f4549e279d6d454b867437066c541b5c,
Disney,182ea882888346b4910dd64ee1c4343f,
MGM,6028451f99a945fe9ba5a42548c6a5c2,
Warner Brothers,eee32337cb374b7c8bf26abaabb6e3e2,
Searchlight,0a9e6775fcbb44cc95c4ffa4d710a876,f4549e279d6d454b867437066c541b5c
Classic,7324ff22682b40768f50a4d47bbdec88,f4549e279d6d454b867437066c541b5c
Marvel,93ba6851e279410990f6d5a3c8c72748,182ea882888346b4910dd64ee1c4343f
Pictures,bc0958c79297423a9471761a3d2d9582,182ea882888346b4910dd64ee1c4343f
Lions Gate,61ec83e318f2488390aa016e748b16f0,6028451f99a945fe9ba5a42548c6a5c2
